date,lowest
20100101,-11.4
20100102,-5.6
20100103,-7.2
20100104,-3.7
20100105,-10.3
20100106,-12.5
20100107,-10
20100108,-12.7
20100109,-9.8
20100110,-6.5
20100111,-6.8
20100112,-7.9
20100113,-13.4
20100114,-14.4
20100115,-6.4
20100116,-10.7
20100117,-10.5
20100118,-7.8
20100119,-3.8
20100120,3.7
20100121,-5.3
20100122,-6.9
20100123,-7.4
20100124,-5.1
20100125,-5.5
20100126,-8.9
20100127,-6.6
20100128,-1.5
20100129,-5.2
20100130,-4
20100131,-2.9
20100201,-1.8
20100202,-6.7
20100203,-10
20100204,-8.9
20100205,-6.2
20100206,-9.4
20100207,-8.9
20100208,1.8
20100209,3.6
20100210,4.6
20100211,0.8
20100212,-0.1
20100213,-3.8
20100214,-4.7
20100215,-5.1
20100216,-6.6
20100217,-6.6
20100218,-4.5
20100219,-5.7
20100220,-1.7
20100221,-3.4
20100222,-0.1
20100223,-1.6
20100224,0.7
20100225,12.3
20100226,7.1
20100227,4
20100228,3.8
20100301,3.8
20100302,1
20100303,-1.3
20100304,4.9
20100305,4.4
20100306,3.3
20100307,2.4
20100308,0
20100309,-1.7
20100310,-3.3
20100311,-3.4
20100312,1.4
20100313,0.7
20100314,0.8
20100315,3.5
20100316,-1.2
20100317,-3
20100318,-1.4
20100319,-4.2
20100320,4.8
20100321,0.4
20100322,0.8
20100323,2
20100324,4.6
20100325,0.7
20100326,-3.2
20100327,3.7
20100328,2.8
20100329,-1.3
20100330,2.5
20100331,6.4
20100401,2.5
20100402,-0.5
20100403,1.1
20100404,-1.2
20100405,3.5
20100406,3.9
20100407,0.2
20100408,0.4
20100409,5
20100410,7.8
20100411,7.3
20100412,10.2
20100413,2.6
20100414,0.5
20100415,-1.2
20100416,0.6
20100417,0.6
20100418,4.5
20100419,9.5
20100420,10
20100421,7.6
20100422,6.9
20100423,8.1
20100424,4.9
20100425,3.4
20100426,9.8
20100427,5.9
20100428,4.2
20100429,4.6
20100430,7.8
20100501,3.6
20100502,6.1
20100503,16.2
20100504,15.1
20100505,14.6
20100506,9.8
20100507,8.4
20100508,10.5
20100509,12.8
20100510,12.8
20100511,8.2
20100512,8.2
20100513,8.1
20100514,10.3
20100515,11.8
20100516,9
20100517,11.5
20100518,17.5
20100519,15.9
20100520,14.7
20100521,13.9
20100522,14
20100523,14.3
20100524,13.3
20100525,12.9
20100526,13.6
20100527,10.8
20100528,12.8
20100529,14.9
20100530,14
20100531,13.5
20100601,11.2
20100602,11.9
20100603,15.7
20100604,15.5
20100605,15.4
20100606,16.3
20100607,18.2
20100608,15.9
20100609,15.8
20100610,17.9
20100611,18
20100612,17.9
20100613,20.8
20100614,20.7
20100615,21.4
20100616,20.5
20100617,19.1
20100618,22.7
20100619,20.6
20100620,20.5
20100621,19.1
20100622,17.5
20100623,19.3
20100624,17.3
20100625,19.5
20100626,19.8
20100627,20.5
20100628,19.9
20100629,20.3
20100630,22.1
20100701,22.9
20100702,24.4
20100703,24
20100704,23.9
20100705,23
20100706,22.3
20100707,23
20100708,20.2
20100709,20.4
20100710,21
20100711,20.5
20100712,21.5
20100713,22.4
20100714,20
20100715,22.1
20100716,23.4
20100717,23.3
20100718,24
20100719,23.6
20100720,22.8
20100721,25.3
20100722,23.8
20100723,21.6
20100724,22.2
20100725,22.6
20100726,23.3
20100727,22.4
20100728,21.4
20100729,23.9
20100730,24.7
20100731,24.3
20100801,25.9
20100802,26.4
20100803,24.8
20100804,25.6
20100805,25.4
20100806,25.7
20100807,24.7
20100808,23.9
20100809,23.6
20100810,24.7
20100811,24.6
20100812,23.4
20100813,24.7
20100814,24.2
20100815,24.6
20100816,21.9
20100817,21.9
20100818,24.8
20100819,24.7
20100820,25.5
20100821,25
20100822,24.8
20100823,26
20100824,25.4
20100825,23.2
20100826,23.1
20100827,22.7
20100828,24.4
20100829,23.8
20100830,23.9
20100831,23.6
20100901,22.5
20100902,23.8
20100903,23.3
20100904,23.1
20100905,22.3
20100906,22.5
20100907,22.7
20100908,21.7
20100909,19.9
20100910,23.4
20100911,22.6
20100912,21.5
20100913,20.1
20100914,19.9
20100915,18.8
20100916,17.6
20100917,17.5
20100918,17.6
20100919,19.2
20100920,21
20100921,20.9
20100922,16.2
20100923,14.1
20100924,13
20100925,12.7
20100926,13.6
20100927,11.8
20100928,10.6
20100929,9.3
20100930,7.3
20101001,9.5
20101002,11.4
20101003,14.9
20101004,13.3
20101005,12.2
20101006,9.7
20101007,11.3
20101008,14.2
20101009,15.2
20101010,13
20101011,12.2
20101012,13.1
20101013,11.6
20101014,11.5
20101015,9.1
20101016,10.3
20101017,9.4
20101018,8.6
20101019,8.7
20101020,9.9
20101021,10.8
20101022,11.5
20101023,9.3
20101024,14.1
20101025,5.9
20101026,1.1
20101027,-1.6
20101028,1.3
20101029,0.5
20101030,4.8
20101031,5.8
20101101,4.4
20101102,2.7
20101103,-0.6
20101104,1.9
20101105,5.2
20101106,5.9
20101107,7.7
20101108,4.2
20101109,3.3
20101110,-0.2
20101111,0.5
20101112,4.7
20101113,1.5
20101114,6.2
20101115,-0.7
20101116,-3.3
20101117,1
20101118,-0.4
20101119,-1.4
20101120,-1
20101121,2.3
20101122,2.1
20101123,-2.4
20101124,1.8
20101125,0.7
20101126,-2.1
20101127,-2.7
20101128,-4.3
20101129,0.4
20101130,2.3
20101201,4
20101202,4.3
20101203,0.2
20101204,-3
20101205,0.8
20101206,-1.6
20101207,-4.2
20101208,-4.4
20101209,-3.9
20101210,-5.1
20101211,-4.8
20101212,-7.6
20101213,0.4
20101214,-5.6
20101215,-10.8
20101216,-11.4
20101217,-3.7
20101218,-4.9
20101219,-1.4
20101220,0
20101221,-2.4
20101222,-2.4
20101223,-4.8
20101224,-10.5
20101225,-13.1
20101226,-11.7
20101227,-9.6
20101228,-3.9
20101229,-6.1
20101230,-7.6
20101231,-10.4
20110101,-12.3
20110102,-11
20110103,-10.3
20110104,-7.1
20110105,-3.2
20110106,-8.1
20110107,-11.5
20110108,-10.2
20110109,-9
20110110,-12.3
20110111,-9.7
20110112,-8.9
20110113,-12.3
20110114,-9.5
20110115,-14.4
20110116,-16.1
20110117,-14.8
20110118,-10.9
20110119,-7.9
20110120,-9
20110121,-9.8
20110122,-8.6
20110123,-7.1
20110124,-9.1
20110125,-11.3
20110126,-11.4
20110127,-11.2
20110128,-8.8
20110129,-10.6
20110130,-12.8
20110131,-12.3
20110201,-9.3
20110202,-4
20110203,-4.9
20110204,-1.2
20110205,-3.3
20110206,-3.1
20110207,-3.7
20110208,-0.2
20110209,-3.9
20110210,-4.6
20110211,-7.3
20110212,-7
20110213,-9.3
20110214,-5.9
20110215,-6.6
20110216,-6.8
20110217,-2.5
20110218,-5.6
20110219,-3.6
20110220,-3
20110221,0.6
20110222,-1.9
20110223,-1.3
20110224,-0.6
20110225,-0.5
20110226,-2.9
20110227,5.1
20110228,4.6
20110301,-1.4
20110302,-3.5
20110303,-5.5
20110304,-4.8
20110305,-4.4
20110306,-1
20110307,-0.7
20110308,-2.2
20110309,-1.5
20110310,-3.4
20110311,-0.6
20110312,2.3
20110313,2.2
20110314,5.4
20110315,-1.4
20110316,-3.4
20110317,-2.7
20110318,-3.3
20110319,5.8
20110320,3.4
20110321,3.9
20110322,-0.8
20110323,-2.6
20110324,1.1
20110325,-0.2
20110326,-2.6
20110327,-2.4
20110328,2.7
20110329,-1.6
20110330,1.6
20110331,1.1
20110401,1.7
20110402,5.2
20110403,5.9
20110404,4.2
20110405,1.7
20110406,2.1
20110407,8.6
20110408,8.4
20110409,3.4
20110410,5.3
20110411,5.8
20110412,2.3
20110413,2.6
20110414,3
20110415,11.6
20110416,6.2
20110417,5.7
20110418,4.6
20110419,4.5
20110420,5.8
20110421,5.1
20110422,8.9
20110423,6
20110424,5.8
20110425,7.5
20110426,10.3
20110427,7.2
20110428,6.7
20110429,4.9
20110430,14.7
20110501,10.4
20110502,9.1
20110503,12
20110504,7.9
20110505,10
20110506,12.1
20110507,14.7
20110508,13.9
20110509,15.2
20110510,15.2
20110511,14
20110512,12.9
20110513,10.8
20110514,12.6
20110515,12.5
20110516,13.2
20110517,8.5
20110518,10.5
20110519,17.7
20110520,18.4
20110521,13
20110522,12.5
20110523,13.2
20110524,10.1
20110525,14.7
20110526,15.3
20110527,15.1
20110528,13
20110529,15.3
20110530,15.8
20110531,17.8
20110601,15.4
20110602,15.5
20110603,13
20110604,18.1
20110605,17.1
20110606,13.9
20110607,15
20110608,16
20110609,17.3
20110610,17.5
20110611,17.7
20110612,18.2
20110613,18
20110614,15.7
20110615,18
20110616,19.4
20110617,18.5
20110618,18
20110619,18.1
20110620,18.8
20110621,19.4
20110622,21.9
20110623,23.5
20110624,21.3
20110625,18.1
20110626,17.8
20110627,19.8
20110628,18
20110629,22.8
20110630,24.1
20110701,22.6
20110702,24
20110703,21.4
20110704,20.8
20110705,19.4
20110706,21
20110707,23.1
20110708,23.4
20110709,23.6
20110710,20.6
20110711,20.3
20110712,21.3
20110713,22.4
20110714,23.9
20110715,24.5
20110716,23.9
20110717,24.4
20110718,24.3
20110719,24.6
20110720,23.3
20110721,22.7
20110722,21.6
20110723,23.6
20110724,23.9
20110725,23.8
20110726,24.1
20110727,26.2
20110728,24.4
20110729,26.4
20110730,25.5
20110731,24.3
20110801,23.9
20110802,24.1
20110803,24.3
20110804,24
20110805,24.8
20110806,26.1
20110807,24.5
20110808,24.5
20110809,22.9
20110810,24.4
20110811,24.8
20110812,24.3
20110813,23.6
20110814,24.6
20110815,23.8
20110816,25.1
20110817,24.5
20110818,24.1
20110819,21.4
20110820,20.1
20110821,18.9
20110822,19.6
20110823,17.9
20110824,19.8
20110825,20.9
20110826,22.3
20110827,22.4
20110828,22.8
20110829,23.5
20110830,24.3
20110831,24.1
20110901,21
20110902,22.6
20110903,20.4
20110904,19.6
20110905,18.6
20110906,17
20110907,15.7
20110908,19.2
20110909,18
20110910,17.6
20110911,18.9
20110912,21.4
20110913,21.8
20110914,23
20110915,21.5
20110916,21.5
20110917,21.7
20110918,20
20110919,15.6
20110920,12.8
20110921,12
20110922,11.2
20110923,12.2
20110924,12.6
20110925,12.6
20110926,12.3
20110927,11.4
20110928,16.8
20110929,16
20110930,12
20111001,8.1
20111002,7.8
20111003,6
20111004,6.5
20111005,12.1
20111006,10
20111007,8.9
20111008,9.2
20111009,9.4
20111010,10.7
20111011,10.8
20111012,7.9
20111013,10
20111014,12.8
20111015,12.9
20111016,11.9
20111017,6.9
20111018,3
20111019,3.6
20111020,9.4
20111021,12.2
20111022,11.8
20111023,10.3
20111024,9.9
20111025,4
20111026,0.8
20111027,2.9
20111028,8.3
20111029,11.2
20111030,10.7
20111031,7.1
20111101,8.3
20111102,13.4
20111103,12.5
20111104,16.2
20111105,16.9
20111106,14
20111107,13.1
20111108,11.7
20111109,12.3
20111110,9.8
20111111,10.8
20111112,9.8
20111113,8.3
20111114,3.7
20111115,2
20111116,1.2
20111117,8.2
20111118,11.7
20111119,6.7
20111120,0.7
20111121,-2.4
20111122,-0.6
20111123,1.7
20111124,-1.1
20111125,0.1
20111126,-0.5
20111127,4.6
20111128,6.5
20111129,7.6
20111130,5.1
20111201,5.5
20111202,4.6
20111203,3.9
20111204,1.2
20111205,-2.3
20111206,1.7
20111207,2.8
20111208,-0.1
20111209,-3.3
20111210,-5.3
20111211,0.7
20111212,0
20111213,-3.6
20111214,-3.2
20111215,-4.9
20111216,-6.2
20111217,-7.4
20111218,-3.6
20111219,-6.6
20111220,-6.4
20111221,-0.8
20111222,-7
20111223,-10.1
20111224,-6
20111225,-9.6
20111226,-10.2
20111227,-9
20111228,-7
20111229,-4.3
20111230,-7.8
20111231,-8
20120101,-6.3
20120102,-8.2
20120103,-5.8
20120104,-6.6
20120105,-7.4
20120106,-7.8
20120107,-9.5
20120108,-8.9
20120109,-5
20120110,-2.6
20120111,-7.7
20120112,-9.5
20120113,-4.2
20120114,-7.2
20120115,-3.3
20120116,-4.9
20120117,-0.8
20120118,-2.6
20120119,1.3
20120120,3.6
20120121,1.4
20120122,-7.4
20120123,-11.4
20120124,-10.8
20120125,-8.5
20120126,-10.2
20120127,-4.1
20120128,-3.7
20120129,-5
20120130,-7.1
20120131,-9.3
20120201,-10.4
20120202,-14.1
20120203,-13.7
20120204,-6
20120205,-4.7
20120206,-4.3
20120207,-9.5
20120208,-11.7
20120209,-8.9
20120210,-5.7
20120211,-8.4
20120212,-7
20120213,0.2
20120214,-0.4
20120215,-1.7
20120216,-5
20120217,-6.3
20120218,-9.5
20120219,-9.3
20120220,-9.2
20120221,-5.1
20120222,-1.1
20120223,1.8
20120224,-1.5
20120225,-1.7
20120226,-3.8
20120227,-7.2
20120228,-4.2
20120229,-2.4
20120301,1.5
20120302,5.3
20120303,2.6
20120304,3.2
20120305,3.5
20120306,3.1
20120307,1.1
20120308,-1.2
20120309,-2.3
20120310,0.3
20120311,-3.4
20120312,-5.4
20120313,-4.1
20120314,-2.6
20120315,0.1
20120316,6
20120317,7.4
20120318,2.3
20120319,-1.1
20120320,-3.3
20120321,-2.3
20120322,3.5
20120323,3.8
20120324,2.3
20120325,1
20120326,-0.7
20120327,-1.5
20120328,5.2
20120329,2.4
20120330,6.1
20120331,2.1
20120401,-0.9
20120402,1.3
20120403,2.7
20120404,2.1
20120405,2.6
20120406,2.3
20120407,0.7
20120408,4.5
20120409,13.6
20120410,12.3
20120411,6.9
20120412,4.4
20120413,7.5
20120414,5.9
20120415,8
20120416,7.4
20120417,5
20120418,7.1
20120419,12
20120420,12.2
20120421,10.8
20120422,9.2
20120423,8.4
20120424,11.2
20120425,9.9
20120426,8.1
20120427,5.4
20120428,9.2
20120429,10.3
20120430,12.6
20120501,16.1
20120502,18.4
20120503,15.9
20120504,13
20120505,14.8
20120506,11.3
20120507,11
20120508,12.9
20120509,16
20120510,13.5
20120511,13.1
20120512,11.3
20120513,15.2
20120514,15
20120515,14.3
20120516,13
20120517,12.8
20120518,11.4
20120519,11.5
20120520,11.8
20120521,14.1
20120522,15.1
20120523,16.8
20120524,15.2
20120525,16.5
20120526,13.5
20120527,14.2
20120528,17.5
20120529,16.5
20120530,17.8
20120531,16
20120601,14.9
20120602,17
20120603,14.2
20120604,17.3
20120605,19.4
20120606,19.7
20120607,18.9
20120608,18.8
20120609,18.1
20120610,20.4
20120611,20
20120612,19.6
20120613,18.6
20120614,18.6
20120615,18.7
20120616,17.5
20120617,19.1
20120618,19.4
20120619,20.8
20120620,19.3
20120621,20
20120622,20.4
20120623,20.4
20120624,21.7
20120625,19.1
20120626,19.6
20120627,19.8
20120628,19.1
20120629,22.8
20120630,21.4
20120701,20.8
20120702,21
20120703,20.8
20120704,23.7
20120705,23.2
20120706,21.2
20120707,20.1
20120708,21
20120709,21.4
20120710,22.1
20120711,21.9
20120712,21.1
20120713,21.6
20120714,22.3
20120715,21
20120716,20.7
20120717,23.4
20120718,22.9
20120719,24.1
20120720,23.8
20120721,23.5
20120722,24.7
20120723,24.8
20120724,25.2
20120725,25.2
20120726,24.3
20120727,25.1
20120728,24.1
20120729,26
20120730,25.6
20120731,25.8
20120801,26.2
20120802,26.5
20120803,26.5
20120804,26.2
20120805,24.8
20120806,27.3
20120807,26.6
20120808,24.4
20120809,24.6
20120810,22.3
20120811,23.2
20120812,25.2
20120813,24
20120814,22.3
20120815,23.9
20120816,23.8
20120817,24
20120818,24.4
20120819,26
20120820,25.7
20120821,24
20120822,20.5
20120823,20.9
20120824,20.9
20120825,22.6
20120826,24
20120827,23.8
20120828,22
20120829,23.3
20120830,18.9
20120831,18
20120901,19.9
20120902,21.3
20120903,22
20120904,20.7
20120905,17.7
20120906,14.6
20120907,16.2
20120908,20
20120909,18.6
20120910,18.6
20120911,17.2
20120912,17.9
20120913,19.8
20120914,17.1
20120915,16.1
20120916,17.9
20120917,16.8
20120918,17.9
20120919,17.1
20120920,14.5
20120921,14.3
20120922,14.5
20120923,14.9
20120924,13.9
20120925,13.7
20120926,14.1
20120927,16.9
20120928,15.1
20120929,12.4
20120930,12.1
20121001,10.5
20121002,12.1
20121003,12.4
20121004,11.6
20121005,13.3
20121006,14.3
20121007,11.5
20121008,11.3
20121009,9.6
20121010,10.9
20121011,8.4
20121012,5.4
20121013,8.2
20121014,9.3
20121015,7
20121016,7.3
20121017,7.3
20121018,3.3
20121019,5.8
20121020,8.1
20121021,9.5
20121022,11.3
20121023,7
20121024,4.8
20121025,6.6
20121026,8.5
20121027,13.8
20121028,11
20121029,7.9
20121030,4.2
20121031,2.3
20121101,3.4
20121102,0.5
20121103,0.5
20121104,5.9
20121105,7.6
20121106,6.8
20121107,5.8
20121108,5.3
20121109,6.8
20121110,7.1
20121111,7.3
20121112,7.3
20121113,3.1
20121114,1.5
20121115,-0.5
20121116,-1.4
20121117,3.3
20121118,-1.2
20121119,0
20121120,-1.7
20121121,-2.5
20121122,-0.9
20121123,3.1
20121124,-2
20121125,-3.4
20121126,-0.6
20121127,-3.6
20121128,-1.2
20121129,-0.9
20121130,-1.3
20121201,-5.5
20121202,-0.9
20121203,-2.1
20121204,-2.6
20121205,-3.6
20121206,-9.6
20121207,-6.4
20121208,-9.1
20121209,-12.9
20121210,-11.5
20121211,-11
20121212,-9.8
20121213,-9
20121214,-2.4
20121215,1.9
20121216,-0.2
20121217,-1.2
20121218,-6.8
20121219,-9.5
20121220,-8.8
20121221,-2.2
20121222,-4.2
20121223,-11
20121224,-12.8
20121225,-11.8
20121226,-14.4
20121227,-13.4
20121228,-3.8
20121229,-4.9
20121230,-9.9
20121231,-13.3
20130101,-9.4
20130102,-12.9
20130103,-16.5
20130104,-16.5
20130105,-15.3
20130106,-8.5
20130107,-10.7
20130108,-9.2
20130109,-9.7
20130110,-13.8
20130111,-12.8
20130112,-5.9
20130113,-3.5
20130114,-6.6
20130115,-7.6
20130116,-6
20130117,-7.5
20130118,-10.6
20130119,-4.5
20130120,-3.7
20130121,2.7
20130122,2.2
20130123,1.1
20130124,-4.1
20130125,-7.6
20130126,-10.8
20130127,-9.3
20130128,-9.5
20130129,-2.8
20130130,-1.9
20130131,-0.9
20130201,6.7
20130202,-4.1
20130203,-5.1
20130204,-2.2
20130205,-3.5
20130206,-1.3
20130207,-12
20130208,-14.7
20130209,-11.4
20130210,-7.9
20130211,-9.5
20130212,-4.7
20130213,-6.1
20130214,-3.2
20130215,-5
20130216,-7.8
20130217,-2.3
20130218,-1.3
20130219,-4.6
20130220,-9.1
20130221,-4.6
20130222,-2.6
20130223,-6.4
20130224,-4.8
20130225,-3.5
20130226,-0.4
20130227,3
20130228,-1.8
20130301,-2
20130302,-4.3
20130303,-4.1
20130304,-2.9
20130305,-2.5
20130306,-1.1
20130307,5.5
20130308,2.8
20130309,2.7
20130310,-1.5
20130311,-3.5
20130312,0.2
20130313,0.2
20130314,0.5
20130315,-1.2
20130316,0.1
20130317,0.7
20130318,6.7
20130319,6.6
20130320,-2.3
20130321,-4.5
20130322,-0.9
20130323,0.4
20130324,1
20130325,-1
20130326,-2.3
20130327,1.7
20130328,1.3
20130329,1
20130330,1.9
20130331,2.2
20130401,0.9
20130402,5.5
20130403,4.2
20130404,3.8
20130405,6.9
20130406,3.9
20130407,1.8
20130408,-0.2
20130409,3
20130410,1.3
20130411,0.8
20130412,0.4
20130413,2
20130414,3.1
20130415,0.4
20130416,4.4
20130417,11.8
20130418,6.8
20130419,4.1
20130420,1.5
20130421,3.4
20130422,3.6
20130423,9.9
20130424,8
20130425,7.3
20130426,6.2
20130427,5
20130428,7.2
20130429,9.4
20130430,6
20130501,6.2
20130502,8.2
20130503,7.1
20130504,8.1
20130505,7.4
20130506,7.9
20130507,10.5
20130508,10.7
20130509,12.2
20130510,12.3
20130511,11.7
20130512,15.7
20130513,17.9
20130514,12.6
20130515,17
20130516,15.4
20130517,12
20130518,13
20130519,16.3
20130520,12.8
20130521,11.4
20130522,12.4
20130523,15.3
20130524,15.1
20130525,16.1
20130526,19.1
20130527,17.8
20130528,18
20130529,15.9
20130530,14.4
20130531,13.4
20130601,16.2
20130602,12.8
20130603,16.4
20130604,17.4
20130605,19
20130606,19.6
20130607,20.6
20130608,19.3
20130609,20.1
20130610,18.3
20130611,20
20130612,20.3
20130613,19.5
20130614,21.6
20130615,20.2
20130616,20.6
20130617,20.2
20130618,22.5
20130619,20.3
20130620,21
20130621,22.1
20130622,21.2
20130623,20.3
20130624,19.7
20130625,20.6
20130626,19.9
20130627,20.3
20130628,20.7
20130629,20.3
20130630,21.8
20130701,22.6
20130702,23.2
20130703,23.8
20130704,23.2
20130705,22.1
20130706,21.9
20130707,23.3
20130708,23.5
20130709,25.6
20130710,25.9
20130711,24.8
20130712,25.4
20130713,26
20130714,22.5
20130715,23.2
20130716,23.2
20130717,24.4
20130718,24.6
20130719,23.2
20130720,24.8
20130721,25.4
20130722,26.2
20130723,25
20130724,24.3
20130725,23.2
20130726,24.1
20130727,22.7
20130728,24.1
20130729,24.8
20130730,22.6
20130731,24.6
20130801,24.6
20130802,25.8
20130803,24.7
20130804,25.2
20130805,25.5
20130806,24.8
20130807,24.3
20130808,27.2
20130809,27.4
20130810,24.6
20130811,24.8
20130812,24.8
20130813,24.9
20130814,25.1
20130815,23.6
20130816,24.6
20130817,25.5
20130818,25.8
20130819,25.8
20130820,23.2
20130821,24.8
20130822,26.8
20130823,24.3
20130824,23.2
20130825,21.1
20130826,22.5
20130827,20.2
20130828,22.4
20130829,23.2
20130830,22
20130831,19
20130901,20.8
20130902,18.1
20130903,17
20130904,14.5
20130905,16.8
20130906,17.7
20130907,17.7
20130908,17.1
20130909,16.9
20130910,19.8
20130911,20.7
20130912,21.2
20130913,20.4
20130914,19.8
20130915,19.4
20130916,14.8
20130917,14.3
20130918,16.9
20130919,18.3
20130920,18.4
20130921,18.5
20130922,20.3
20130923,19.1
20130924,19.5
20130925,16
20130926,11.3
20130927,9.6
20130928,15.2
20130929,17.9
20130930,18.9
20131001,17.2
20131002,13.6
20131003,10.1
20131004,9.4
20131005,11.8
20131006,18
20131007,20.4
20131008,17.7
20131009,17.8
20131010,17.2
20131011,13.1
20131012,9.8
20131013,9.5
20131014,11.4
20131015,9.9
20131016,6.1
20131017,5
20131018,6.1
20131019,8.7
20131020,10.4
20131021,11.7
20131022,9.5
20131023,10.8
20131024,9.8
20131025,5.2
20131026,4
20131027,3.4
20131028,4.9
20131029,4.7
20131030,8.3
20131031,6.5
20131101,8.4
20131102,11.5
20131103,9.6
20131104,8.7
20131105,5.3
20131106,7.8
20131107,7.7
20131108,4
20131109,8.3
20131110,3.3
20131111,1.1
20131112,-1.3
20131113,-1.4
20131114,-0.2
20131115,4.3
20131116,0.7
20131117,2.1
20131118,0.3
20131119,1
20131120,-1.2
20131121,-1.8
20131122,-1.5
20131123,2.1
20131124,2.1
20131125,3.3
20131126,-1.5
20131127,-3.1
20131128,-4.5
20131129,-2.5
20131130,-2.7
20131201,0.9
20131202,-1.9
20131203,2.1
20131204,-0.5
20131205,-1.2
20131206,-0.4
20131207,-0.4
20131208,2.2
20131209,3.5
20131210,1
20131211,-1.9
20131212,-5.5
20131213,-6.2
20131214,-5.9
20131215,-5.8
20131216,-5.6
20131217,-3.2
20131218,1.7
20131219,-2.9
20131220,-5
20131221,-4.5
20131222,-6.4
20131223,-3.1
20131224,-6.4
20131225,-6.5
20131226,-1.8
20131227,-5.9
20131228,-8.6
20131229,-6.6
20131230,-0.7
20131231,-1.8
20140101,0.4
20140102,-2.2
20140103,-3.4
20140104,-2.7
20140105,-5.9
20140106,-5.8
20140107,-5
20140108,-2.9
20140109,-8.3
20140110,-9.9
20140111,-5.1
20140112,-5.1
20140113,-9.9
20140114,-10.6
20140115,-8.7
20140116,-7.2
20140117,-4.9
20140118,-5.2
20140119,-8.7
20140120,-1.5
20140121,-5
20140122,-7.5
20140123,-7.7
20140124,-3.4
20140125,1.2
20140126,-4.1
20140127,-8.1
20140128,-3.3
20140129,-7.2
20140130,0.5
20140131,-3.9
20140201,1.1
20140202,6.1
20140203,-5.7
20140204,-10.7
20140205,-9
20140206,-4.7
20140207,-2.5
20140208,0.9
20140209,-1.4
20140210,-2.2
20140211,-3.6
20140212,-1.3
20140213,-1.4
20140214,-0.9
20140215,-3.2
20140216,-3.2
20140217,1
20140218,0.4
20140219,-2.2
20140220,-3
20140221,-4.7
20140222,-4.5
20140223,-3.5
20140224,-2.4
20140225,-1.5
20140226,1.5
20140227,3.8
20140228,2.7
20140301,4.4
20140302,1
20140303,-2.8
20140304,-1.2
20140305,-1.3
20140306,-3.8
20140307,-4.3
20140308,-3.2
20140309,-2
20140310,-4.5
20140311,-3.2
20140312,0.1
20140313,1.8
20140314,0.1
20140315,0
20140316,7.6
20140317,4
20140318,9.3
20140319,7.8
20140320,2.3
20140321,0.3
20140322,-0.2
20140323,3.4
20140324,1
20140325,13.2
20140326,11.9
20140327,7.6
20140328,9.4
20140329,13.7
20140330,11.6
20140331,7.8
20140401,6.1
20140402,7.5
20140403,5
20140404,1.8
20140405,0.3
20140406,1.7
20140407,5.8
20140408,2.9
20140409,5.6
20140410,8
20140411,10.2
20140412,11.7
20140413,11.6
20140414,5.4
20140415,8.5
20140416,11.9
20140417,6.5
20140418,12
20140419,11
20140420,9.4
20140421,8.9
20140422,8.1
20140423,6.9
20140424,9.8
20140425,10.1
20140426,11.1
20140427,13.4
20140428,12.5
20140429,11.8
20140430,9.9
20140501,10.1
20140502,9.2
20140503,8.4
20140504,7.4
20140505,5.7
20140506,6.7
20140507,6.2
20140508,11.2
20140509,9.7
20140510,11
20140511,14.8
20140512,14.7
20140513,13.5
20140514,16
20140515,14.9
20140516,13.4
20140517,13.6
20140518,13.3
20140519,12.1
20140520,16.7
20140521,13.9
20140522,13.4
20140523,18.3
20140524,17.3
20140525,18.7
20140526,18
20140527,15.4
20140528,19.2
20140529,16.9
20140530,15.5
20140531,17.4
20140601,18.4
20140602,19.2
20140603,17.4
20140604,19.8
20140605,19.8
20140606,16.8
20140607,18.4
20140608,19.5
20140609,19.4
20140610,18.6
20140611,17.8
20140612,16.5
20140613,16.8
20140614,17
20140615,17
20140616,17.4
20140617,21.1
20140618,18.3
20140619,19.4
20140620,19.1
20140621,19.2
20140622,18.7
20140623,20.3
20140624,18.8
20140625,18.9
20140626,20.3
20140627,20.9
20140628,21.4
20140629,20.1
20140630,19.9
20140701,21.7
20140702,21.7
20140703,19.8
20140704,20.8
20140705,22.1
20140706,20.8
20140707,19.9
20140708,23.1
20140709,24.4
20140710,24.4
20140711,23
20140712,22.1
20140713,21.2
20140714,21.9
20140715,22.1
20140716,22.6
20140717,22.9
20140718,20.3
20140719,24.6
20140720,24
20140721,25.3
20140722,24.5
20140723,25.1
20140724,25.6
20140725,25.1
20140726,21.6
20140727,19.3
20140728,20.5
20140729,20.6
20140730,23.1
20140731,24.2
20140801,23.2
20140802,23.8
20140803,24.3
20140804,24.4
20140805,24.6
20140806,24
20140807,20.3
20140808,19.8
20140809,22.9
20140810,21.2
20140811,18.7
20140812,19.4
20140813,21
20140814,19.7
20140815,20.6
20140816,22.2
20140817,20.7
20140818,19.8
20140819,22
20140820,22.3
20140821,21.4
20140822,21.5
20140823,21
20140824,21.5
20140825,22.4
20140826,22.1
20140827,20.9
20140828,20.4
20140829,19.4
20140830,18.8
20140831,18.6
20140901,17.4
20140902,19.4
20140903,19.5
20140904,20.1
20140905,17.3
20140906,19.6
20140907,17.7
20140908,19.9
20140909,18.1
20140910,14.2
20140911,15.6
20140912,18.4
20140913,18
20140914,16.7
20140915,19
20140916,17
20140917,17.1
20140918,15.8
20140919,13.6
20140920,12.9
20140921,15.1
20140922,14.8
20140923,16.5
20140924,16.6
20140925,15.8
20140926,18.4
20140927,17
20140928,16.8
20140929,18.7
20140930,17.1
20141001,16
20141002,16.1
20141003,12.9
20141004,11.1
20141005,12.2
20141006,10
20141007,9.4
20141008,9.6
20141009,10.6
20141010,11.5
20141011,15.8
20141012,14.2
20141013,10.7
20141014,7.7
20141015,6.2
20141016,8.3
20141017,4.7
20141018,5.3
20141019,6.4
20141020,14.4
20141021,11.8
20141022,10.6
20141023,7.1
20141024,7.9
20141025,8.4
20141026,7.7
20141027,6.6
20141028,2.5
20141029,3.1
20141030,5
20141031,11.2
20141101,11.6
20141102,8.6
20141103,2.8
20141104,2.5
20141105,3.1
20141106,8.5
20141107,3.9
20141108,6.7
20141109,4.9
20141110,1.6
20141111,1.2
20141112,2.7
20141113,-2
20141114,1.4
20141115,0
20141116,4.2
20141117,3.9
20141118,0.5
20141119,-2
20141120,-0.4
20141121,0.6
20141122,3.8
20141123,5.6
20141124,8.3
20141125,7.1
20141126,6.6
20141127,5.1
20141128,5.2
20141129,6.7
20141130,6.7
20141201,-4.2
20141202,-5.9
20141203,-4
20141204,-4.3
20141205,-8.2
20141206,-7.2
20141207,-5.3
20141208,-3.6
20141209,-7.7
20141210,-3.8
20141211,-3.7
20141212,-4.2
20141213,-6.5
20141214,-8.2
20141215,-1.2
20141216,-7
20141217,-10.5
20141218,-9.8
20141219,-7.9
20141220,-4.3
20141221,-7.2
20141222,-8.4
20141223,-6.3
20141224,-1.7
20141225,-4.4
20141226,-7.2
20141227,-5.8
20141228,-6.4
20141229,0
20141230,-1
20141231,-4.1
20150101,-8.3
20150102,-7.3
20150103,-9.9
20150104,-2.6
20150105,-2.6
20150106,-5.8
20150107,-7.8
20150108,-8.7
20150109,-5.5
20150110,-4.3
20150111,-2.5
20150112,-6.7
20150113,-6.8
20150114,-0.2
20150115,-1.8
20150116,-2.2
20150117,-5
20150118,-7.6
20150119,-2.5
20150120,-5.2
20150121,-1.2
20150122,1.4
20150123,-1.6
20150124,-1.7
20150125,-1.3
20150126,2.5
20150127,-6.2
20150128,-8.2
20150129,-4
20150130,-4.5
20150131,-7.9
20150201,-8.6
20150202,-5.8
20150203,-5.2
20150204,-4.1
20150205,-3.1
20150206,-3
20150207,-2.5
20150208,-8.8
20150209,-12.4
20150210,-0.5
20150211,1.8
20150212,-4.1
20150213,-5.6
20150214,-4.7
20150215,0
20150216,4.4
20150217,1.5
20150218,1.1
20150219,-1.9
20150220,-3.2
20150221,5.3
20150222,0.8
20150223,0.4
20150224,-0.9
20150225,-0.2
20150226,-1.8
20150227,-3.5
20150228,-4.1
20150301,-0.1
20150302,-3.1
20150303,1
20150304,-3.5
20150305,-6
20150306,-4
20150307,-2.4
20150308,-2.1
20150309,-4.1
20150310,-5.5
20150311,-3.2
20150312,-2.5
20150313,1.9
20150314,-2.9
20150315,-1.7
20150316,0.6
20150317,3.9
20150318,8.5
20150319,7.4
20150320,8.9
20150321,5.2
20150322,3.1
20150323,-0.4
20150324,-1.4
20150325,-2.1
20150326,-0.7
20150327,0.4
20150328,0.6
20150329,8.4
20150330,6
20150331,9.1
20150401,10.1
20150402,9.3
20150403,9.5
20150404,8.4
20150405,8.2
20150406,6.7
20150407,4.4
20150408,6.6
20150409,5.2
20150410,4
20150411,4.4
20150412,6.5
20150413,8.8
20150414,6.9
20150415,6.8
20150416,6.6
20150417,4.3
20150418,3.3
20150419,12.1
20150420,8.2
20150421,6.2
20150422,6.7
20150423,6
20150424,11.5
20150425,6.8
20150426,7.9
20150427,10.7
20150428,10
20150429,14.6
20150430,14.7
20150501,14.1
20150502,15.8
20150503,17.1
20150504,10.2
20150505,5.7
20150506,6.4
20150507,8.1
20150508,9.3
20150509,14.6
20150510,12.1
20150511,13.5
20150512,11.6
20150513,13.6
20150514,14.6
20150515,16.9
20150516,13.7
20150517,10.1
20150518,14.5
20150519,14.4
20150520,11.1
20150521,11.1
20150522,15
20150523,14.6
20150524,12.5
20150525,12
20150526,13.3
20150527,13.2
20150528,17.4
20150529,17.1
20150530,15.9
20150531,14.3
20150601,15.8
20150602,18
20150603,17.2
20150604,13.5
20150605,14.4
20150606,14
20150607,16.9
20150608,18
20150609,17.1
20150610,17.8
20150611,19
20150612,20.2
20150613,20
20150614,19.3
20150615,21.7
20150616,21
20150617,19.9
20150618,19.3
20150619,20.8
20150620,18
20150621,17.9
20150622,20
20150623,18.3
20150624,21.1
20150625,19.7
20150626,18.8
20150627,17.9
20150628,19.6
20150629,19.8
20150630,19.7
20150701,19.3
20150702,18.5
20150703,20.2
20150704,16.5
20150705,20.2
20150706,20
20150707,17.6
20150708,18
20150709,20.2
20150710,21.7
20150711,23.9
20150712,23.2
20150713,22.2
20150714,22.7
20150715,21.9
20150716,20.9
20150717,18.4
20150718,21.5
20150719,22.4
20150720,24.2
20150721,24.2
20150722,24.6
20150723,24.7
20150724,24.5
20150725,24.6
20150726,24.5
20150727,24.6
20150728,24.7
20150729,24.6
20150730,25.9
20150731,25.5
20150801,25.4
20150802,26
20150803,25
20150804,24
20150805,24.4
20150806,24.7
20150807,25.8
20150808,25
20150809,23.8
20150810,23.2
20150811,23.5
20150812,21.8
20150813,22.2
20150814,21.9
20150815,22.5
20150816,23
20150817,21
20150818,23.1
20150819,23.5
20150820,22.6
20150821,20.9
20150822,22.2
20150823,22.1
20150824,24.3
20150825,19.7
20150826,18.9
20150827,21.3
20150828,20
20150829,19.3
20150830,18.7
20150831,20.3
20150901,22.2
20150902,20.6
20150903,20.6
20150904,20
20150905,20.8
20150906,19.5
20150907,16.2
20150908,15.4
20150909,13.8
20150910,15.5
20150911,16.6
20150912,14.6
20150913,13
20150914,12.8
20150915,13.8
20150916,14
20150917,15.9
20150918,15.6
20150919,16.5
20150920,15.3
20150921,15.8
20150922,16
20150923,17.7
20150924,18.1
20150925,17.8
20150926,16.1
20150927,13.3
20150928,13.3
20150929,16.3
20150930,18.2
20151001,13.3
20151002,8.1
20151003,14.1
20151004,10.5
20151005,11.8
20151006,10.1
20151007,11.1
20151008,13.7
20151009,11
20151010,9.2
20151011,8.7
20151012,10.7
20151013,7.7
20151014,10.1
20151015,10.8
20151016,11.3
20151017,11.6
20151018,10
20151019,11.2
20151020,11.2
20151021,12
20151022,12.3
20151023,14.7
20151024,12.1
20151025,9.8
20151026,12.2
20151027,8.8
20151028,5.7
20151029,6.5
20151030,3.4
20151031,-0.1
20151101,1
20151102,4.1
20151103,5.2
20151104,3.7
20151105,6.9
20151106,7.7
20151107,12.5
20151108,13.4
20151109,11.5
20151110,8
20151111,6.8
20151112,8.8
20151113,11.1
20151114,12.2
20151115,9.8
20151116,8.4
20151117,12.1
20151118,10.2
20151119,9.5
20151120,8.7
20151121,7.6
20151122,6
20151123,9.6
20151124,5.1
20151125,3.4
20151126,-1.2
20151127,-2.3
20151128,0.7
20151129,3.5
20151130,2.3
20151201,-1.4
20151202,3
20151203,-0.6
20151204,-1.4
20151205,3.3
20151206,-1.6
20151207,-4
20151208,-1.7
20151209,-1.4
20151210,6.4
20151211,4.8
20151212,2
20151213,5.4
20151214,5.4
20151215,4.3
20151216,-2.8
20151217,-5.9
20151218,-6.7
20151219,-1.7
20151220,-2.6
20151221,0.3
20151222,-1.1
20151223,3.3
20151224,0.9
20151225,-3
20151226,-0.7
20151227,-5.7
20151228,-7.6
20151229,-7.2
20151230,-4.9
20151231,-1.9
20160101,-4.2
20160102,2
20160103,1
20160104,-0.5
20160105,-3.4
20160106,-5.6
20160107,-2.6
20160108,-4.2
20160109,-1.9
20160110,-1.8
20160111,-5.4
20160112,-7.5
20160113,-3.7
20160114,-6.5
20160115,-3.7
20160116,-4.4
20160117,-1
20160118,-8.5
20160119,-11.2
20160120,-12
20160121,-8.8
20160122,-10.9
20160123,-11.5
20160124,-17
20160125,-14.2
20160126,-6.3
20160127,-4.8
20160128,-5
20160129,1
20160130,-1.1
20160131,-4.2
20160201,-7.4
20160202,-9.7
20160203,-9.1
20160204,-6.3
20160205,-5.7
20160206,-4.6
20160207,-9.1
20160208,-5.7
20160209,-1
20160210,-4.6
20160211,-1.8
20160212,7.7
20160213,9
20160214,-3.6
20160215,-6.7
20160216,-3.7
20160217,-4.3
20160218,-3.5
20160219,0
20160220,-1
20160221,-3.7
20160222,-1.4
20160223,-2.7
20160224,-6.5
20160225,-5.7
20160226,-0.1
20160227,1.5
20160228,-0.9
20160229,-5.5
20160301,-7.5
20160302,-4.3
20160303,-0.2
20160304,5.4
20160305,7.7
20160306,6.5
20160307,3.4
20160308,1.7
20160309,-1.1
20160310,-3.1
20160311,-4.3
20160312,-5
20160313,0.8
20160314,0.3
20160315,-2.7
20160316,3.5
20160317,-0.5
20160318,8.4
20160319,6.8
20160320,3
20160321,2.3
20160322,1.5
20160323,4.6
20160324,1.6
20160325,1.2
20160326,-0.2
20160327,-0.3
20160328,-0.3
20160329,6.5
20160330,7.6
20160331,5.1
20160401,4.8
20160402,6.9
20160403,10.8
20160404,10.1
20160405,5.6
20160406,5.5
20160407,9.1
20160408,8.3
20160409,9.8
20160410,10.7
20160411,8.4
20160412,7.5
20160413,11.9
20160414,10.5
20160415,6.7
20160416,9
20160417,9.9
20160418,8.4
20160419,6.4
20160420,7.1
20160421,10.8
20160422,12.6
20160423,11.3
20160424,7
20160425,8.9
20160426,9.6
20160427,11.5
20160428,9.8
20160429,8.5
20160430,9.5
20160501,11.2
20160502,12.1
20160503,10.6
20160504,12.5
20160505,9.2
20160506,14.5
20160507,11.3
20160508,9.8
20160509,14.6
20160510,12.5
20160511,11.9
20160512,11.7
20160513,14.1
20160514,13.5
20160515,14.2
20160516,10
20160517,10.7
20160518,12
20160519,14.6
20160520,14.5
20160521,16.3
20160522,13.7
20160523,15
20160524,15.5
20160525,12.4
20160526,15.6
20160527,17.9
20160528,18.2
20160529,17.5
20160530,14.4
20160531,16.2
20160601,18.5
20160602,15.1
20160603,17.1
20160604,17.1
20160605,14.6
20160606,18.4
20160607,18.4
20160608,19.1
20160609,17.5
20160610,19.6
20160611,20.9
20160612,23.1
20160613,20.8
20160614,19.4
20160615,20.3
20160616,19.1
20160617,16.4
20160618,18.5
20160619,21.7
20160620,20
20160621,19.7
20160622,23.2
20160623,20.9
20160624,19.4
20160625,18.8
20160626,18.7
20160627,18.8
20160628,18
20160629,21.2
20160630,23.1
20160701,23.3
20160702,22.2
20160703,20.4
20160704,20
20160705,22.1
20160706,22.8
20160707,22.6
20160708,21.6
20160709,22.7
20160710,22.2
20160711,23.9
20160712,23.2
20160713,23.1
20160714,22.1
20160715,22.7
20160716,20.3
20160717,21.1
20160718,20.9
20160719,20.3
20160720,23.8
20160721,22.2
20160722,23.6
20160723,24.8
20160724,26.4
20160725,26.9
20160726,24.2
20160727,25.9
20160728,25.1
20160729,24.1
20160730,26.3
20160731,26.2
20160801,25.3
20160802,23.9
20160803,23.2
20160804,24.5
20160805,25.5
20160806,25.6
20160807,24.3
20160808,24.5
20160809,25.4
20160810,25.2
20160811,24.4
20160812,24.9
20160813,25.2
20160814,26.1
20160815,26.5
20160816,26.1
20160817,24.7
20160818,25.3
20160819,25
20160820,26.2
20160821,25.2
20160822,24
20160823,25.4
20160824,23.7
20160825,23.8
20160826,19.1
20160827,18
20160828,17.8
20160829,15.8
20160830,16.6
20160831,17.6
20160901,22.9
20160902,21.2
20160903,20.8
20160904,22.3
20160905,24
20160906,21.5
20160907,19.8
20160908,19.7
20160909,20.2
20160910,19.1
20160911,19.6
20160912,21
20160913,18.7
20160914,20.5
20160915,18.4
20160916,20.7
20160917,19.6
20160918,18.1
20160919,17.4
20160920,13.7
20160921,12.8
20160922,17.1
20160923,15.4
20160924,16.4
20160925,17.2
20160926,18.3
20160927,20.3
20160928,18.1
20160929,18
20160930,16.2
20161001,15.7
20161002,17.6
20161003,19.6
20161004,17.7
20161005,17.7
20161006,14.4
20161007,14.2
20161008,14.2
20161009,7.6
20161010,8.4
20161011,10.3
20161012,11
20161013,10.4
20161014,8.6
20161015,10.7
20161016,15.2
20161017,14.5
20161018,13
20161019,12.8
20161020,11.2
20161021,15.7
20161022,14.3
20161023,11.4
20161024,9.8
20161025,12.3
20161026,10.8
20161027,10.2
20161028,11.1
20161029,6.1
20161030,1.2
20161031,4.9
20161101,-0.7
20161102,-2.4
20161103,3.7
20161104,2.7
20161105,8.7
20161106,9.8
20161107,10.8
20161108,0.9
20161109,-3.1
20161110,2.4
20161111,5.8
20161112,2.7
20161113,6.6
20161114,9.5
20161115,2.7
20161116,-0.5
20161117,3.3
20161118,3
20161119,10.4
20161120,6.7
20161121,5.5
20161122,0.7
20161123,-3.3
20161124,-4.9
20161125,-3.2
20161126,-2.9
20161127,1
20161128,-0.4
20161129,-3.4
20161130,-0.7
20161201,0.1
20161202,-4.1
20161203,-2.8
20161204,-0.2
20161205,4.7
20161206,-2.6
20161207,-4.4
20161208,-1.8
20161209,-1
20161210,-4.4
20161211,-6.2
20161212,-3.2
20161213,1
20161214,-2.9
20161215,-5.9
20161216,-8.3
20161217,-0.3
20161218,-1.8
20161219,5.1
20161220,4.3
20161221,1.8
20161222,3.8
20161223,-1.3
20161224,-2.5
20161225,-4.5
20161226,2.3
20161227,-5.1
20161228,-7.5
20161229,-4.5
20161230,-8.1
20161231,-1.3
20170101,-1.3
20170102,-0.4
20170103,-1.5
20170104,-0.2
20170105,-0.7
20170106,2.6
20170107,-1.5
20170108,5
20170109,-0.9
20170110,-3.2
20170111,-7.8
20170112,-4
20170113,-7.3
20170114,-8.7
20170115,-11.8
20170116,-10.1
20170117,-8.6
20170118,-4.7
20170119,-3.7
20170120,-5.2
20170121,-8.6
20170122,-7.8
20170123,-10
20170124,-10.7
20170125,-10.6
20170126,-9.5
20170127,-4.3
20170128,-7.6
20170129,0.9
20170130,-6.8
20170131,-9
20170201,-6.6
20170202,-9
20170203,-3.2
20170204,-3.3
20170205,1.2
20170206,-3.2
20170207,-4.7
20170208,-4.1
20170209,-5.1
20170210,-6.9
20170211,-7.2
20170212,-5.3
20170213,-5.8
20170214,-2.8
20170215,-5.4
20170216,-3.4
20170217,-2.7
20170218,-6.2
20170219,-4.9
20170220,-4.9
20170221,-6.9
20170222,0.2
20170223,-3
20170224,-5.4
20170225,-2.7
20170226,-0.8
20170227,-2.5
20170228,-2.7
20170301,1
20170302,-1
20170303,-3.6
20170304,-1.2
20170305,0
20170306,-1.6
20170307,-2.6
20170308,-3.7
20170309,-1.1
20170310,-1.5
20170311,-1.9
20170312,0.3
20170313,2.7
20170314,-0.1
20170315,-1.8
20170316,-1.2
20170317,-1.4
20170318,2.9
20170319,0.7
20170320,2.7
20170321,4.9
20170322,0
20170323,4
20170324,1.7
20170325,6.4
20170326,4.6
20170327,3.5
20170328,0.9
20170329,4.3
20170330,2.1
20170331,8
20170401,5.2
20170402,1.9
20170403,3.6
20170404,4.1
20170405,10.7
20170406,11.2
20170407,9.5
20170408,10.2
20170409,11.9
20170410,9.4
20170411,8.2
20170412,5.7
20170413,5.7
20170414,10.5
20170415,12.5
20170416,10.6
20170417,11.8
20170418,10.3
20170419,7.2
20170420,8.3
20170421,5.8
20170422,8.6
20170423,6.5
20170424,6.3
20170425,10
20170426,10.1
20170427,6.7
20170428,8.6
20170429,9.7
20170430,15.2
20170501,12.9
20170502,12.1
20170503,11.8
20170504,14.1
20170505,17.9
20170506,10.8
20170507,11.8
20170508,12.1
20170509,12.2
20170510,13.8
20170511,12.6
20170512,15.9
20170513,13.8
20170514,12.1
20170515,11.1
20170516,11.5
20170517,10.5
20170518,11.9
20170519,13.1
20170520,12.5
20170521,14.3
20170522,13.3
20170523,15.1
20170524,17
20170525,14
20170526,11.2
20170527,11.9
20170528,12.8
20170529,19.5
20170530,17.1
20170531,17.2
20170601,17
20170602,13
20170603,16.1
20170604,12
20170605,13.9
20170606,15.7
20170607,16
20170608,15.6
20170609,16.2
20170610,19.9
20170611,15.9
20170612,16.7
20170613,17.3
20170614,15.1
20170615,16.8
20170616,18.1
20170617,16.8
20170618,17.1
20170619,18.3
20170620,19.6
20170621,20.2
20170622,18.6
20170623,20.1
20170624,20.4
20170625,20
20170626,20.7
20170627,20.7
20170628,21
20170629,21.6
20170630,22.8
20170701,22.6
20170702,24.2
20170703,24.4
20170704,24.1
20170705,23.7
20170706,23.5
20170707,23.5
20170708,22.6
20170709,22.5
20170710,23.3
20170711,23.2
20170712,24.2
20170713,22.8
20170714,24.4
20170715,23.1
20170716,25.3
20170717,23
20170718,22.9
20170719,24.5
20170720,25.3
20170721,26.8
20170722,27.6
20170723,26.4
20170724,27.5
20170725,25.3
20170726,23.6
20170727,22.3
20170728,25.7
20170729,24.8
20170730,24
20170731,23.5
20170801,22.3
20170802,25.1
20170803,24.3
20170804,24.5
20170805,27.1
20170806,27.8
20170807,25.6
20170808,25
20170809,22.3
20170810,24.2
20170811,24.1
20170812,23.1
20170813,22.8
20170814,21
20170815,21.3
20170816,22.7
20170817,22.9
20170818,23
20170819,23
20170820,23.3
20170821,23.1
20170822,24
20170823,25.7
20170824,25.1
20170825,21.8
20170826,18.8
20170827,18
20170828,19.7
20170829,18
20170830,16
20170831,16
20170901,16.6
20170902,16.7
20170903,16
20170904,17.3
20170905,19.2
20170906,18.4
20170907,18.3
20170908,18.5
20170909,17.7
20170910,18.5
20170911,18.1
20170912,17.6
20170913,14.3
20170914,13.9
20170915,18.6
20170916,18.6
20170917,16.7
20170918,16.3
20170919,17.9
20170920,15.4
20170921,12.1
20170922,14.4
20170923,15.5
20170924,18.7
20170925,19
20170926,17.3
20170927,16.7
20170928,15.8
20170929,10.5
20170930,9.8
20171001,13.5
20171002,15.9
20171003,14.6
20171004,11.8
20171005,15.5
20171006,15
20171007,16.9
20171008,16.5
20171009,17.6
20171010,17.9
20171011,13.4
20171012,9.4
20171013,5.8
20171014,8.4
20171015,9.7
20171016,12.6
20171017,9.2
20171018,14.8
20171019,11.4
20171020,11.1
20171021,9.8
20171022,10
20171023,9.1
20171024,6.9
20171025,6.6
20171026,7.8
20171027,11.2
20171028,9.2
20171029,5.6
20171030,1.4
20171031,0.4
20171101,7.3
20171102,10.9
20171103,7.6
20171104,3.2
20171105,0.9
20171106,1.7
20171107,5.6
20171108,7
20171109,2.4
20171110,3.4
20171111,2
20171112,-0.9
20171113,0.7
20171114,4.3
20171115,2.5
20171116,-2.3
20171117,-2.5
20171118,-3.7
20171119,-5.8
20171120,-2
20171121,-2.8
20171122,-0.7
20171123,-2.4
20171124,-1.2
20171125,-1.6
20171126,1.1
20171127,-2.4
20171128,0.2
20171129,1.7
20171130,-3.8
20171201,-6.5
20171202,-2.5
20171203,-1.1
20171204,-2.5
20171205,-7.6
20171206,-4.7
20171207,-0.5
20171208,-4.1
20171209,-1.6
20171210,-1
20171211,-8.2
20171212,-11.4
20171213,-9.9
20171214,-11
20171215,-8.1
20171216,-5.7
20171217,-9.4
20171218,-6.4
20171219,-5.7
20171220,-8.3
20171221,-3.9
20171222,-3.9
20171223,-1.1
20171224,0.7
20171225,-2.8
20171226,-5.1
20171227,-9
20171228,-6.9
20171229,-0.5
20171230,0.1
20171231,-2.2
20180101,-5.3
20180102,-4.7
20180103,-6
20180104,-6.3
20180105,-3.7
20180106,-5
20180107,-6.6
20180108,-0.1
20180109,-3.6
20180110,-9
20180111,-12.6
20180112,-13.7
20180113,-6.4
20180114,-7.3
20180115,0.8
20180116,0.2
20180117,2.5
20180118,-0.1
20180119,-3.6
20180120,-4.8
20180121,-4
20180122,-0.4
20180123,-11.4
20180124,-15.4
20180125,-16.3
20180126,-16.2
20180127,-15.6
20180128,-7.1
20180129,-9.5
20180130,-11.7
20180131,-3.4
20180201,-6.6
20180202,-9
20180203,-8.2
20180204,-11.2
20180205,-12.5
20180206,-13.2
20180207,-13.9
20180208,-11.2
20180209,-5.7
20180210,-5.2
20180211,-7.7
20180212,-9.5
20180213,-6.7
20180214,-0.8
20180215,-3.2
20180216,-5.2
20180217,-4.9
20180218,-3.7
20180219,-3.4
20180220,-3.3
20180221,-3.8
20180222,-7.3
20180223,0.2
20180224,0.7
20180225,-0.6
20180226,-4.2
20180227,-1.9
20180228,1.4
20180301,-3.2
20180302,-6.2
20180303,-1.7
20180304,9.5
20180305,3.3
20180306,-0.4
20180307,3.2
20180308,0.6
20180309,0.5
20180310,-1.2
20180311,2.2
20180312,0.1
20180313,2.9
20180314,7.9
20180315,10.6
20180316,3.1
20180317,0.4
20180318,3
20180319,5.5
20180320,2.8
20180321,-0.3
20180322,0.5
20180323,-1
20180324,1.7
20180325,4.4
20180326,3.9
20180327,6.3
20180328,8.3
20180329,10.7
20180330,10.4
20180331,9.2
20180401,10.3
20180402,11.5
20180403,13.2
20180404,9.4
20180405,7.4
20180406,3.5
20180407,2.6
20180408,0.8
20180409,5.5
20180410,5.3
20180411,10.5
20180412,6
20180413,5.9
20180414,7.2
20180415,5.8
20180416,3.3
20180417,8.1
20180418,6
20180419,5.1
20180420,9.1
20180421,11
20180422,12.9
20180423,10.7
20180424,10.4
20180425,5.4
20180426,7.2
20180427,9.2
20180428,9.6
20180429,6.3
20180430,13.4
20180501,17.2
20180502,11.3
20180503,9
20180504,7.8
20180505,12.4
20180506,14.9
20180507,14.8
20180508,12.7
20180509,9.4
20180510,11.2
20180511,11.2
20180512,12.6
20180513,14.9
20180514,13.6
20180515,15.2
20180516,22.6
20180517,24.6
20180518,15.7
20180519,13.9
20180520,10.8
20180521,12.1
20180522,13.8
20180523,14.7
20180524,10.8
20180525,11.4
20180526,12.9
20180527,17.1
20180528,15.5
20180529,18.5
20180530,18.3
20180531,14.6
20180601,15.9
20180602,15.8
20180603,15.8
20180604,18.1
20180605,19.3
20180606,18.7
20180607,20.5
20180608,19.5
20180609,17.6
20180610,18.5
20180611,18.1
20180612,18.3
20180613,16.5
20180614,19.1
20180615,17
20180616,15.9
20180617,17.4
20180618,20.3
20180619,19.1
20180620,18.6
20180621,18.9
20180622,17.2
20180623,20.1
20180624,19.4
20180625,19.3
20180626,21.3
20180627,22.9
20180628,23.3
20180629,19.8
20180630,22.5
20180701,20.5
20180702,21
20180703,22.4
20180704,23.4
20180705,23.2
20180706,20.6
20180707,18.9
20180708,17.5
20180709,19.3
20180710,20.5
20180711,24.4
20180712,25.8
20180713,26.1
20180714,25.4
20180715,24.7
20180716,25.7
20180717,25.4
20180718,24.8
20180719,24.8
20180720,23.7
20180721,25.6
20180722,25.6
20180723,26.5
20180724,26.2
20180725,27.5
20180726,26.2
20180727,26.2
20180728,26.4
20180729,25.5
20180730,26
20180731,25.4
20180801,26.3
20180802,27.6
20180803,27.5
20180804,28
20180805,26.8
20180806,27
20180807,27.6
20180808,27.9
20180809,26.6
20180810,27.5
20180811,26.9
20180812,25.9
20180813,26.2
20180814,27.4
20180815,26.8
20180816,25.8
20180817,23.2
20180818,20.4
20180819,21.4
20180820,24.2
20180821,25.8
20180822,23.7
20180823,26.4
20180824,23.7
20180825,23.4
20180826,20.1
20180827,20.4
20180828,23.9
20180829,23.9
20180830,24.4
20180831,19.5
20180901,20.6
20180902,19.2
20180903,22.6
20180904,21
20180905,19.2
20180906,20.8
20180907,18.9
20180908,14.6
20180909,15.8
20180910,17.6
20180911,15.9
20180912,15.5
20180913,20.3
20180914,20.1
20180915,21.1
20180916,20.8
20180917,19.3
20180918,16.5
20180919,17.1
20180920,19.1
20180921,18.9
20180922,16.3
20180923,14.9
20180924,13
20180925,9.9
20180926,15.4
20180927,12.6
20180928,13
20180929,13.7
20180930,14.6
20181001,12
20181002,10.6
20181003,10.1
20181004,11.8
20181005,16.4
20181006,17.1
20181007,12.3
20181008,9
20181009,10.2
20181010,8.4
20181011,5.8
20181012,5.2
20181013,4.9
20181014,6.9
20181015,8.1
20181016,10.3
20181017,7.7
20181018,5.5
20181019,7.5
20181020,5.6
20181021,5.4
20181022,8.1
20181023,8.4
20181024,7.6
20181025,6.7
20181026,10.2
20181027,6.1
20181028,6
20181029,6.3
20181030,1.5
20181031,3.8
20181101,1.4
20181102,1.8
20181103,3
20181104,3.7
20181105,4
20181106,5.2
20181107,11
20181108,12.5
20181109,7.9
20181110,6.3
20181111,6.7
20181112,4.6
20181113,3
20181114,3.3
20181115,3.3
20181116,6.2
20181117,2.2
20181118,0.8
20181119,2.8
20181120,0.5
20181121,1.8
20181122,-0.9
20181123,-2.3
20181124,0
20181125,3.7
20181126,1.2
20181127,0.4
20181128,1.5
20181129,-0.7
20181130,1.4
20181201,1
20181202,0.6
20181203,9.3
20181204,3.3
20181205,-2.7
20181206,0.5
20181207,-7.1
20181208,-9.9
20181209,-11
20181210,-8.7
20181211,-2.8
20181212,-4.5
20181213,-5.6
20181214,-6.5
20181215,-8.2
20181216,-3.6
20181217,0.5
20181218,-2.3
20181219,1.6
20181220,0
20181221,-2.6
20181222,0.8
20181223,-0.7
20181224,-4.9
20181225,-5.7
20181226,-1.5
20181227,-8.4
20181228,-11.1
20181229,-10.7
20181230,-10.4
20181231,-10.7
20190101,-6.1
20190102,-8.4
20190103,-8.5
20190104,-8.1
20190105,-4.8
20190106,-7.1
20190107,-6.9
20190108,-5
20190109,-8.6
20190110,-3.2
20190111,-3
20190112,1.8
20190113,-2.8
20190114,-1.6
20190115,-4.9
20190116,-8.5
20190117,-2.5
20190118,-4.8
20190119,-1.9
20190120,-2.8
20190121,-6.2
20190122,-1.6
20190123,-1.5
20190124,-5.6
20190125,-4.5
20190126,-6.4
20190127,-8.3
20190128,-2.3
20190129,-6.9
20190130,-4
20190131,-4.7
20190201,-6.7
20190202,-4.9
20190203,3.2
20190204,-2.2
20190205,-4.3
20190206,-1.2
20190207,-5.1
20190208,-7.5
20190209,-5.3
20190210,-7
20190211,-6.1
20190212,-6.2
20190213,-3.9
20190214,-3.3
20190215,-0.6
20190216,-3.5
20190217,-6.5
20190218,-4.5
20190219,-0.1
20190220,-0.7
20190221,-3.3
20190222,-1.5
20190223,-1.9
20190224,-0.8
20190225,0.9
20190226,-2.4
20190227,4.2
20190228,0.7
20190301,0
20190302,-0.9
20190303,1.4
20190304,5.5
20190305,2.8
20190306,5.8
20190307,3
20190308,-0.6
20190309,-1.4
20190310,3.7
20190311,0.6
20190312,-0.3
20190313,-1.8
20190314,-2.6
20190315,2
20190316,2.1
20190317,2.6
20190318,-0.6
20190319,1.5
20190320,6.3
20190321,2.7
20190322,0.3
20190323,-1.2
20190324,-1.9
20190325,0.2
20190326,4.3
20190327,10.4
20190328,7.3
20190329,6.2
20190330,4.2
20190331,2.8
20190401,0.5
20190402,-1.1
20190403,-0.2
20190404,1.1
20190405,7.7
20190406,2.8
20190407,9.3
20190408,4.9
20190409,5
20190410,4.9
20190411,4.3
20190412,5.1
20190413,4.7
20190414,6.9
20190415,2.9
20190416,4
20190417,10
20190418,9.6
20190419,11.5
20190420,11.4
20190421,15.2
20190422,11.3
20190423,15.6
20190424,15.3
20190425,10.9
20190426,8.5
20190427,5.1
20190428,10.3
20190429,8
20190430,9.6
20190501,10.3
20190502,8.9
20190503,7.4
20190504,10.2
20190505,12.2
20190506,9.4
20190507,5.6
20190508,7.4
20190509,10.9
20190510,8.3
20190511,11.3
20190512,13.1
20190513,13.3
20190514,14
20190515,15.7
20190516,16.7
20190517,18.6
20190518,16
20190519,18.5
20190520,12.2
20190521,11.6
20190522,13.4
20190523,16
20190524,16
20190525,18.7
20190526,17.2
20190527,14.2
20190528,11.7
20190529,11.9
20190530,14.6
20190531,15.2
20190601,12.9
20190602,14.6
20190603,14.6
20190604,17.5
20190605,18.1
20190606,16.9
20190607,16.6
20190608,16.1
20190609,17.9
20190610,15.1
20190611,16.1
20190612,15.7
20190613,16.5
20190614,19.3
20190615,16.7
20190616,15.9
20190617,17.9
20190618,17.5
20190619,19.9
20190620,19.2
20190621,19.8
20190622,19.2
20190623,18.5
20190624,19.1
20190625,19
20190626,20.8
20190627,21.3
20190628,22.1
20190629,21.4
20190630,21.1
20190701,20.7
20190702,17.2
20190703,20.2
20190704,19.2
20190705,20
20190706,20.7
20190707,21.1
20190708,19.6
20190709,19.6
20190710,19.5
20190711,19.5
20190712,19.9
20190713,21.4
20190714,21.4
20190715,21.5
20190716,20.2
20190717,22.2
20190718,22.8
20190719,23.5
20190720,23.8
20190721,22.3
20190722,25.4
20190723,26.2
20190724,25.5
20190725,25.6
20190726,25.7
20190727,25.1
20190728,25.5
20190729,24.5
20190730,26.4
20190731,27.4
20190801,26.2
20190802,25.9
20190803,26
20190804,25.7
20190805,25.7
20190806,26.7
20190807,24.3
20190808,26
20190809,25.6
20190810,26.3
20190811,26.4
20190812,26.2
20190813,25.7
20190814,26.5
20190815,24.7
20190816,24.8
20190817,23.5
20190818,20.5
20190819,21
20190820,23.5
20190821,23.4
20190822,23.5
20190823,22.1
20190824,20.6
20190825,20.1
20190826,19.3
20190827,20.1
20190828,21.6
20190829,20.7
20190830,19.4
20190831,18.3
20190901,18.9
20190902,20.5
20190903,20.3
20190904,22.2
20190905,22.8
20190906,22.6
20190907,23.9
20190908,23.3
20190909,22.3
20190910,23.4
20190911,23.7
20190912,19.5
20190913,17.2
20190914,19.2
20190915,21.4
20190916,21
20190917,17.2
20190918,15.6
20190919,13.2
20190920,17.4
20190921,15.9
20190922,15.6
20190923,14.6
20190924,12.3
20190925,13
20190926,17.5
20190927,17.1
20190928,20.3
20190929,18.7
20190930,15.9
20191001,18.6
20191002,20.3
20191003,19.5
20191004,19.7
20191005,16.5
20191006,15.6
20191007,14.5
20191008,9.9
20191009,6.5
20191010,9.6
20191011,11.8
20191012,14
20191013,10.6
20191014,9.8
20191015,8.2
20191016,9
20191017,11.3
20191018,11
20191019,13
20191020,10.8
20191021,9.5
20191022,11
20191023,12.9
20191024,15.4
20191025,12
20191026,8.3
20191027,5.4
20191028,4.6
20191029,9.9
20191030,5.8
20191031,6
20191101,10.1
20191102,7.1
20191103,10.2
20191104,9.1
20191105,6.4
20191106,5.9
20191107,5.3
20191108,1.2
20191109,0.6
20191110,3.3
20191111,8.8
20191112,5
20191113,4.4
20191114,-0.2
20191115,-1.3
20191116,8.3
20191117,6.3
20191118,3.1
20191119,-0.2
20191120,-2.4
20191121,-2.6
20191122,3
20191123,4.7
20191124,7.3
20191125,1.7
20191126,0.3
20191127,1.6
20191128,-1
20191129,-1.6
20191130,-2.5
20191201,4.7
20191202,-1.4
20191203,-2.5
20191204,1.4
20191205,-5.5
20191206,-9.6
20191207,-7.2
20191208,-2.7
20191209,-3.8
20191210,3
20191211,2.5
20191212,-2.8
20191213,-4.8
20191214,1.5
20191215,-2.2
20191216,1.9
20191217,5.3
20191218,0.1
20191219,-2.7
20191220,-2.3
20191221,-4.5
20191222,-1.1
20191223,0
20191224,-2.4
20191225,-3.6
20191226,0.5
20191227,-3.1
20191228,-5
20191229,-2.3
20191230,-0.4
20191231,-7.5
20200101,-7.7
20200102,-2.8
20200103,-1.7
20200104,-3.9
20200105,-4.7
20200106,-0.6
20200107,4.9
20200108,2.3
20200109,-2
20200110,-3.9
20200111,-3
20200112,-1.6
20200113,-3.6
20200114,-3
20200115,-4.1
20200116,-4.1
20200117,-2.8
20200118,-4.5
20200119,-2.5
20200120,-0.9
20200121,-5.3
20200122,-0.2
20200123,2.7
20200124,-0.7
20200125,0.5
20200126,1
20200127,3.2
20200128,2.8
20200129,4.2
20200130,3.2
20200131,0.1
20200201,-2.5
20200202,-2.3
20200203,-3.6
20200204,-5.8
20200205,-8.2
20200206,-10.5
20200207,-7.6
20200208,-2.1
20200209,-5.4
20200210,-0.2
20200211,-2.1
20200212,5.3
20200213,3.7
20200214,3.5
20200215,3.2
20200216,-1.9
20200217,-5.4
20200218,-7.2
20200219,-4
20200220,-1.2
20200221,0.2
20200222,1.6
20200223,-1.9
20200224,-2.3
20200225,6.2
20200226,4.2
20200227,3.4
20200228,3.7
20200229,3.8
20200301,2.6
20200302,2.2
20200303,0.1
20200304,0.2
20200305,-1.9
20200306,-3.6
20200307,2.5
20200308,-0.2
20200309,3
20200310,3.3
20200311,0.7
20200312,-1.6
20200313,0.9
20200314,-2.2
20200315,0.8
20200316,-1.8
20200317,2.6
20200318,2.5
20200319,6.6
20200320,3.4
20200321,5.6
20200322,7.4
20200323,2.9
20200324,3.3
20200325,4.2
20200326,9.4
20200327,5.6
20200328,4.1
20200329,0.4
20200330,5.7
20200331,3.7
20200401,6
20200402,2.7
20200403,3.3
20200404,4.3
20200405,0.6
20200406,0.9
20200407,4.5
20200408,5.1
20200409,2.4
20200410,5.4
20200411,4.6
20200412,2.5
20200413,4.7
20200414,4.3
20200415,4
20200416,6
20200417,9.7
20200418,10.4
20200419,9.2
20200420,7.8
20200421,5.1
20200422,4
20200423,4
20200424,4.4
20200425,9
20200426,6.6
20200427,5.5
20200428,5.1
20200429,8.3
20200430,6.7
20200501,16.4
20200502,19.5
20200503,16.9
20200504,14
20200505,11.8
20200506,13.8
20200507,12.3
20200508,12.3
20200509,13.3
20200510,13.2
20200511,14
20200512,12.1
20200513,9.2
20200514,11.8
20200515,15.2
20200516,15.9
20200517,15.9
20200518,13.9
20200519,11.7
20200520,8.6
20200521,10.1
20200522,14.5
20200523,14.6
20200524,16.2
20200525,14.4
20200526,14.9
20200527,13.4
20200528,12.7
20200529,16.1
20200530,15.8
20200531,16.7
20200601,16.3
20200602,15
20200603,19.3
20200604,21.9
20200605,22
20200606,20
20200607,20.3
20200608,19.4
20200609,20.3
20200610,21.6
20200611,20.9
20200612,22
20200613,21.1
20200614,21.3
20200615,18.7
20200616,18.7
20200617,20.5
20200618,19.9
20200619,18.8
20200620,20.2
20200621,20.4
20200622,20.7
20200623,21.8
20200624,21.3
20200625,20.2
20200626,19.7
20200627,20
20200628,19.7
20200629,20.3
20200630,18.3
20200701,17.3
20200702,17.7
20200703,19.1
20200704,18.8
20200705,20.2
20200706,19.9
20200707,22.5
20200708,20.2
20200709,21.3
20200710,22.1
20200711,23.5
20200712,18.9
20200713,17.7
20200714,18.9
20200715,19
20200716,19.2
20200717,19.9
20200718,21.8
20200719,21
20200720,22.5
20200721,22
20200722,21.8
20200723,20.8
20200724,20.1
20200725,20.9
20200726,22
20200727,22.3
20200728,21.7
20200729,22.5
20200730,23.2
20200731,23.7
20200801,23.7
20200802,23.8
20200803,25
20200804,25.2
20200805,25
20200806,23.4
20200807,23
20200808,22.8
20200809,23.8
20200810,24.5
20200811,24.7
20200812,24.8
20200813,25.4
20200814,25.7
20200815,26.3
20200816,24.9
20200817,25
20200818,25.4
20200819,25.3
20200820,24.8
20200821,25.1
20200822,23.7
20200823,23.1
20200824,23.1
20200825,24.8
20200826,25.6
20200827,25.3
20200828,25.1
20200829,25
20200830,25.6
20200831,24.2
20200901,22.4
20200902,22.9
20200903,20.9
20200904,20.6
20200905,20.3
20200906,17.9
20200907,16.3
20200908,21.9
20200909,18.7
20200910,20
20200911,19.4
20200912,17.8
20200913,18.3
20200914,16.8
20200915,18.5
20200916,20
20200917,19.9
20200918,18
20200919,15.7
20200920,14.2
20200921,12.3
20200922,14.9
20200923,14.4
20200924,15.7
20200925,14.8
20200926,15
20200927,14.3
20200928,13.4
20200929,12.7
20200930,14
20201001,15.7
20201002,17
20201003,17.5
20201004,12.8
20201005,7.6
20201006,8.6
20201007,11.1
20201008,12.6
20201009,12.6
20201010,12
20201011,12.1
20201012,13.5
20201013,8.6
20201014,8
20201015,5.6
20201016,6.8
20201017,7.9
20201018,5
20201019,7
20201020,7.3
20201021,9.9
20201022,9
20201023,6.5
20201024,3.9
20201025,4.7
20201026,5.7
20201027,6
20201028,8.1
20201029,3.8
20201030,3.4
20201031,5.7
20201101,11.9
20201102,5.8
20201103,2.2
20201104,-0.6
20201105,-0.4
20201106,8.7
20201107,9.3
20201108,4.7
20201109,0
20201110,3
20201111,1.6
20201112,2
20201113,3.3
20201114,5.1
20201115,5.1
20201116,6
20201117,10.4
20201118,12.3
20201119,10.8
20201120,4.6
20201121,0.9
20201122,4.2
20201123,0.8
20201124,0.7
20201125,-0.7
20201126,2.9
20201127,2.9
20201128,0.8
20201129,-0.4
20201130,-2.7
20201201,-3.5
20201202,-0.1
20201203,-1.5
20201204,-4
20201205,-2.9
20201206,-1.7
20201207,-0.2
20201208,-2.9
20201209,-5.2
20201210,2.7
20201211,3.9
20201212,-0.5
20201213,-2.6
20201214,-7.9
20201215,-10.9
20201216,-10.4
20201217,-9.1
20201218,-3.5
20201219,-8.4
20201220,-6.9
20201221,-5
20201222,-2.8
20201223,-2.1
20201224,0.7
20201225,-2.5
20201226,-4.1
20201227,-2
20201228,-0.2
20201229,-2.2
20201230,-10.5
20201231,-13.2
20210101,-9.7
20210102,-7.1
20210103,-8.5
20210104,-8.4
20210105,-7.6
20210106,-10.6
20210107,-15.6
20210108,-17.5
20210109,-17
20210110,-14.7
20210111,-9.8
20210112,-7
20210113,-3.8
20210114,-2.6
20210115,-0.8
20210116,-4.8
20210117,-8.4
20210118,-4.8
20210119,-10.2
20210120,-8.7
20210121,-1.2
20210122,5.6
20210123,4.3
20210124,2.9
20210125,3.1
20210126,4.3
20210127,-0.6
20210128,-6.6
20210129,-9.6
20210130,-7.6
20210131,-4.5
20210201,2.6
20210202,-4.4
20210203,-8.2
20210204,-3.7
20210205,-5.6
20210206,-1.1
20210207,-0.4
20210208,-4.1
20210209,-6.3
20210210,-4.2
20210211,-0.2
20210212,0.3
20210213,-0.5
20210214,4.2
20210215,-2
20210216,-5.7
20210217,-7.5
20210218,-8.9
20210219,-7
20210220,6.3
20210221,5.6
20210222,1.6
20210223,-2.4
20210224,-1.4
20210225,-0.1
20210226,1.9
20210227,5.1
20210228,1.5
20210301,2
20210302,0.7
20210303,-1.8
20210304,1.5
20210305,2.4
20210306,4
20210307,4.1
20210308,1.8
20210309,2.9
20210310,0.3
20210311,2.7
20210312,7.1
20210313,3.4
20210314,3.9
20210315,3.5
20210316,4.6
20210317,1.1
20210318,4.1
20210319,9.7
20210320,7.5
20210321,4.2
20210322,2
20210323,2.9
20210324,3.3
20210325,4.7
20210326,5.2
20210327,7.9
20210328,9.1
20210329,8.3
20210330,5.8
20210331,4
20210401,11.1
20210402,12.2
20210403,14.5
20210404,9.4
20210405,4.4
20210406,5.8
20210407,6.3
20210408,6.8
20210409,4.7
20210410,6.8
20210411,6.1
20210412,12.4
20210413,5.1
20210414,3.2
20210415,2.3
20210416,9.3
20210417,6.9
20210418,6.8
20210419,4.4
20210420,6.3
20210421,9.6
20210422,15.1
20210423,16
20210424,13.4
20210425,10.3
20210426,10.3
20210427,12.6
20210428,13.3
20210429,11.9
20210430,10.5
20210501,9.4
20210502,7.9
20210503,6.6
20210504,11.8
20210505,10.7
20210506,6
20210507,10.9
20210508,8.9
20210509,10
20210510,11.1
20210511,12.2
20210512,12.6
20210513,14
20210514,16.5
20210515,19.5
20210516,18.4
20210517,15.3
20210518,15.2
20210519,14.8
20210520,15.4
20210521,14.2
20210522,11.9
20210523,13.3
20210524,16.6
20210525,13
20210526,12.9
20210527,14.2
20210528,11.8
20210529,13.4
20210530,12.1
20210531,16.2
20210601,16.3
20210602,18
20210603,17.7
20210604,13.3
20210605,16.1
20210606,18.6
20210607,16.9
20210608,18.7
20210609,20.1
20210610,21.2
20210611,19.9
20210612,19.7
20210613,21.9
20210614,20.9
20210615,21.1
20210616,21.3
20210617,19.6
20210618,19.7
20210619,18.2
20210620,17.5
20210621,19.5
20210622,18.5
20210623,19.2
20210624,18.6
20210625,18.7
20210626,20.2
20210627,19.5
20210628,21.7
20210629,20.7
20210630,21.1
20210701,21.3
20210702,23
20210703,21.1
20210704,21.5
20210705,20.6
20210706,21.3
20210707,23.5
20210708,22.7
20210709,23.1
20210710,24.2
20210711,23.4
20210712,24.4
20210713,25.4
20210714,25.1
20210715,25.4
20210716,24.1
20210717,23.1
20210718,23.6
20210719,23.4
20210720,24.5
20210721,23.7
20210722,24
20210723,24.6
20210724,26.3
20210725,25.6
20210726,25.1
20210727,23.9
20210728,26.2
20210729,26
20210730,26.5
20210731,26.4
20210801,24.9
20210802,24.8
20210803,24.6
20210804,25.1
20210805,25.9
20210806,23.8
20210807,23
20210808,24.5
20210809,22.7
20210810,23.9
20210811,22.6
20210812,23.7
20210813,23.5
20210814,23.4
20210815,22.5
20210816,22.5
20210817,22.2
20210818,21.6
20210819,21.3
20210820,20.5
20210821,22.3
20210822,22.5
20210823,21.4
20210824,21.5
20210825,22.5
20210826,22.3
20210827,20.5
20210828,19.4
20210829,19.4
20210830,20.3
20210831,21.8
20210901,21.2
20210902,20.5
20210903,19.9
20210904,18.1
20210905,18.4
20210906,18.8
20210907,18.7
20210908,19.4
20210909,17.5
20210910,20.2
20210911,20.3
20210912,20
20210913,21.5
20210914,20.1
20210915,20.5
20210916,17.1
20210917,18.7
20210918,17
20210919,18
20210920,18.9
20210921,20.6
20210922,18.1
20210923,16.8
20210924,15.2
20210925,18.2
20210926,17.1
20210927,18.8
20210928,19.8
20210929,19.5
20210930,18.3
20211001,16.6
20211002,16.4
20211003,16.4
20211004,16.8
20211005,19.3
20211006,18.5
20211007,18.8
20211008,18.6
20211009,19.9
20211010,16.9
20211011,12.6
20211012,15.9
20211013,16.1
20211014,15.3
20211015,16.8
20211016,5.4
20211017,0.4
20211018,1.3
20211019,6.7
20211020,3.5
20211021,4.1
20211022,3.8
20211023,4
20211024,5
20211025,5.4
20211026,4.9
20211027,8.2
20211028,4.6
20211029,7.5
20211030,8.7
20211031,6.7
20211101,9.7
20211102,8.4
20211103,5.3
20211104,8.3
20211105,7.5
20211106,7.8
20211107,8.3
20211108,6.1
20211109,6.1
20211110,3.5
20211111,2.9
20211112,2.8
20211113,1
20211114,3.9
20211115,4.7
20211116,3.9
20211117,1.5
20211118,3.6
20211119,7
20211120,8.2
20211121,6.8
20211122,1.8
20211123,-1.5
20211124,-0.1
20211125,3.9
20211126,-0.3
20211127,-0.7
20211128,-2.3
20211129,-0.6
20211130,3.3
20211201,-2.6
20211202,-4.2
20211203,0.1
20211204,-2.5
20211205,-3.3
20211206,-1
20211207,-0.2
20211208,0.1
20211209,0.1
20211210,3.4
20211211,4.3
20211212,-2.5
20211213,-5.7
20211214,-3.9
20211215,5.1
20211216,4.8
20211217,-8.4
20211218,-11.3
20211219,-2.4
20211220,-0.8
20211221,1.7
20211222,-2.5
20211223,-3.1
20211224,-2.5
20211225,-10.3
20211226,-14.5
20211227,-12.2
20211228,-3.2
20211229,-2.1
20211230,-4.5
20211231,-8.3
20220101,-10
20220102,-6.2
20220103,-7.9
20220104,-4.2
20220105,-5.7
20220106,-5.4
20220107,-7.5
20220108,-7
20220109,-1.9
20220110,-4.6
20220111,-7.3
20220112,-10.8
20220113,-6.8
20220114,-10.4
20220115,-6.2
20220116,-4.3
20220117,-7.2
20220118,-9.7
20220119,-9.5
20220120,-9.4
20220121,-9.1
20220122,-2.8
20220123,0.5
20220124,-2.4
20220125,1.3
20220126,-0.5
20220127,-3.4
20220128,-5.1
20220129,-5.9
20220130,-7.1
20220131,-7.6
20220201,-0.9
20220202,-3.9
20220203,-5.2
20220204,-5
20220205,-9.1
20220206,-8.6
20220207,-7.5
20220208,-5.7
20220209,-6
20220210,-1.3
20220211,-4.7
20220212,-1.9
20220213,-0.4
20220214,-2
20220215,-6.1
20220216,-8.7
20220217,-10.6
20220218,-9.5
20220219,-3.4
20220220,-6.6
20220221,-7.5
20220222,-7.1
20220223,-8.6
20220224,-9.3
20220225,-5.2
20220226,2
20220227,-1.3
20220228,-1.1
20220301,1.2
20220302,-2.9
20220303,-0.5
20220304,-0.3
20220305,-0.7
20220306,-2.9
20220307,-2.9
20220308,-2.1
20220309,-0.3
20220310,0.9
20220311,3.8
20220312,9
20220313,13
20220314,6
20220315,3.5
20220316,3.1
20220317,6.4
20220318,5
20220319,2.9
20220320,2
20220321,-1.1
20220322,1
20220323,3.1
20220324,1.2
20220325,5.3
20220326,7.9
20220327,2.9
20220328,-0.5
20220329,1.6
20220330,4.8
20220331,8
20220401,4.3
20220402,1.4
20220403,1.1
20220404,2.7
20220405,2.7
20220406,5
20220407,7.6
20220408,3.2
20220409,9.8
20220410,10
20220411,12.1
20220412,14.8
20220413,9.1
20220414,8.7
20220415,6.4
20220416,6.1
20220417,4.7
20220418,9.2
20220419,7.1
20220420,6.3
20220421,7.5
20220422,10.8
20220423,12.7
20220424,14.1
20220425,15
20220426,15.9
20220427,10.4
20220428,10.4
20220429,9.3
20220430,10
20220501,6.9
20220502,8.5
20220503,5.5
20220504,7.4
20220505,8.9
20220506,11.9
20220507,13
20220508,11.5
20220509,10.6
20220510,11.5
20220511,14.8
20220512,15.2
20220513,15.1
20220514,10.1
20220515,8.9
20220516,7.4
20220517,10.9
20220518,16.7
20220519,16.9
20220520,13.8
20220521,14.2
20220522,15.6
20220523,15.9
20220524,14.9
20220525,15.6
20220526,13.6
20220527,15.8
20220528,16.5
20220529,15
20220530,18.1
20220531,13
20220601,15
20220602,14.5
20220603,17.6
20220604,18.8
20220605,16.9
20220606,16.6
20220607,14.8
20220608,15.4
20220609,18.5
20220610,17.1
20220611,19
20220612,19.3
20220613,19.7
20220614,15.9
20220615,15.4
20220616,18.8
20220617,17.1
20220618,21.7
20220619,21.6
20220620,22.2
20220621,21.9
20220622,22.1
20220623,22.8
20220624,23.1
20220625,22.8
20220626,24.9
20220627,25.3
20220628,27.4
20220629,23.9
20220630,24.5
20220701,22.6
20220702,23.6
20220703,23.2
20220704,23.4
20220705,24.6
20220706,25.5
20220707,26.3
20220708,24.4
20220709,23.2
20220710,24
20220711,23.1
20220712,23.1
20220713,23.8
20220714,24
20220715,22
20220716,22.5
20220717,21.7
20220718,21.1
20220719,20.9
20220720,22.9
20220721,22.7
20220722,22.1
20220723,21.6
20220724,22.1
20220725,23.5
20220726,22.9
20220727,24.5
20220728,23.3
20220729,25.3
20220730,26.3
20220731,24.7
20220801,24.6
20220802,25.4
20220803,26.5
20220804,25.5
20220805,25.7
20220806,26
20220807,27
20220808,27.7
20220809,25.1
20220810,23.9
20220811,24
20220812,23.5
20220813,24
20220814,24.1
20220815,25.4
20220816,23.3
20220817,22.6
20220818,20.3
20220819,21.4
20220820,24.9
20220821,23.6
20220822,23.6
20220823,22.3
20220824,20.6
20220825,18.8
20220826,16.7
20220827,17.2
20220828,15.4
20220829,17.7
20220830,17.4
20220831,19.7
20220901,19.7
20220902,18.1
20220903,20.7
20220904,21.4
20220905,18.7
20220906,17.1
20220907,15.8
20220908,14.3
20220909,17.4
20220910,18
20220911,20
20220912,20.5
20220913,21.2
20220914,22.2
20220915,21.6
20220916,21.1
20220917,23.2
20220918,23.8
20220919,17.7
20220920,15.1
20220921,12.9
20220922,12.9
20220923,12.6
20220924,11.3
20220925,14.4
20220926,14.9
20220927,12.8
20220928,14.2
20220929,14
20220930,13
,
